{"cameraMode":{"drawMode":0,"name":"Shaded","section":"Shading Mode"},"sceneLighting":true,"audioPlay":false,"sceneViewState":{"m_AlwaysRefresh":false,"showFog":true,"showSkybox":true,"showFlares":true,"showImageEffects":true,"showParticleSystems":true,"showVisualEffectGraphs":true,"m_FxEnabled":true},"in2DMode":false,"pivot":{"x":24.654373168945314,"y":98.44377136230469,"z":323.63494873046877},"rotation":{"x":0.13870415091514588,"y":-0.02401583641767502,"z":-0.003418969688937068,"w":-0.9900621175765991},"size":177.31732177734376,"orthographic":false}